{"cameraMode":{"drawMode":0,"name":"Shaded","section":"Shading Mode"},"sceneLighting":true,"audioPlay":false,"sceneViewState":{"showFog":true,"showMaterialUpdate":true,"showSkybox":true,"showFlares":true,"showImageEffects":true,"showParticleSystems":true},"in2DMode":false,"pivot":{"x":336.8106689453125,"y":119.88316345214844,"z":275.84539794921877},"rotation":{"x":0.0009885282488539816,"y":-0.8319000601768494,"z":0.5549671649932861,"w":0.0014919716631993652},"size":1.1403663158416749,"orthographic":false}